datum;linija;dienst;ime_prezime
01.08.2026;310;310.601;Marko Petrović
01.08.2026;310;310.602;Nikola Jovanović
01.08.2026;310;310.603;Stefan Ilić
01.08.2026;310;310.604;Aleksandar Nikolić
01.08.2026;310;310.605;Milan Stojanović
01.08.2026;310;310.606;Dušan Pavlović
01.08.2026;310;OFF;Ivan Đorđević
01.08.2026;310;OFF;Luka Kovačević
01.08.2026;310;OFF;Nemanja Savić
01.08.2026;310;OFF;Petar Popović
02.08.2026;310;310.701;Marko Petrović
02.08.2026;310;310.702;Nikola Jovanović
02.08.2026;310;310.703;Stefan Ilić
02.08.2026;310;310.704;Aleksandar Nikolić
02.08.2026;310;OFF;Milan Stojanović
02.08.2026;310;OFF;Dušan Pavlović
02.08.2026;310;OFF;Ivan Đorđević
02.08.2026;310;OFF;Luka Kovačević
02.08.2026;310;OFF;Nemanja Savić
02.08.2026;310;OFF;Petar Popović
03.08.2026;310;310.F01;Marko Petrović
03.08.2026;310;310.F02;Nikola Jovanović
03.08.2026;310;310.F03;Stefan Ilić
03.08.2026;310;310.F04;Aleksandar Nikolić
03.08.2026;310;310.F05;Milan Stojanović
03.08.2026;310;310.F06;Dušan Pavlović
03.08.2026;310;310.F07;Ivan Đorđević
03.08.2026;310;310.F08;Luka Kovačević
03.08.2026;310;310.F09;Nemanja Savić
03.08.2026;310;310.F10;Petar Popović
04.08.2026;310;310.F01;Marko Petrović
04.08.2026;310;310.F02;Nikola Jovanović
04.08.2026;310;310.F03;Stefan Ilić
04.08.2026;310;310.F04;Aleksandar Nikolić
04.08.2026;310;310.F05;Milan Stojanović
04.08.2026;310;310.F06;Dušan Pavlović
04.08.2026;310;310.F07;Ivan Đorđević
04.08.2026;310;310.F08;Luka Kovačević
04.08.2026;310;310.F09;Nemanja Savić
04.08.2026;310;310.F10;Petar Popović
05.08.2026;310;310.F01;Marko Petrović
05.08.2026;310;310.F02;Nikola Jovanović
05.08.2026;310;310.F03;Stefan Ilić
05.08.2026;310;310.F04;Aleksandar Nikolić
05.08.2026;310;310.F05;Milan Stojanović
05.08.2026;310;310.F06;Dušan Pavlović
05.08.2026;310;310.F07;Ivan Đorđević
05.08.2026;310;310.F08;Luka Kovačević
05.08.2026;310;310.F09;Nemanja Savić
05.08.2026;310;310.F10;Petar Popović
06.08.2026;310;310.F01;Marko Petrović
06.08.2026;310;310.F02;Nikola Jovanović
06.08.2026;310;310.F03;Stefan Ilić
06.08.2026;310;310.F04;Aleksandar Nikolić
06.08.2026;310;310.F05;Milan Stojanović
06.08.2026;310;310.F06;Dušan Pavlović
06.08.2026;310;310.F07;Ivan Đorđević
06.08.2026;310;310.F08;Luka Kovačević
06.08.2026;310;310.F09;Nemanja Savić
06.08.2026;310;310.F10;Petar Popović
07.08.2026;310;310.F01;Marko Petrović
07.08.2026;310;310.F02;Nikola Jovanović
07.08.2026;310;310.F03;Stefan Ilić
07.08.2026;310;310.F04;Aleksandar Nikolić
07.08.2026;310;310.F05;Milan Stojanović
07.08.2026;310;310.F06;Dušan Pavlović
07.08.2026;310;310.F07;Ivan Đorđević
07.08.2026;310;310.F08;Luka Kovačević
07.08.2026;310;310.F09;Nemanja Savić
07.08.2026;310;310.F10;Petar Popović
08.08.2026;310;310.605;Marko Petrović
08.08.2026;310;310.606;Nikola Jovanović
08.08.2026;310;OFF;Stefan Ilić
08.08.2026;310;OFF;Aleksandar Nikolić
08.08.2026;310;OFF;Milan Stojanović
08.08.2026;310;OFF;Dušan Pavlović
08.08.2026;310;310.601;Ivan Đorđević
08.08.2026;310;310.602;Luka Kovačević
08.08.2026;310;310.603;Nemanja Savić
08.08.2026;310;310.604;Petar Popović
09.08.2026;310;OFF;Marko Petrović
09.08.2026;310;OFF;Nikola Jovanović
09.08.2026;310;OFF;Stefan Ilić
09.08.2026;310;OFF;Aleksandar Nikolić
09.08.2026;310;310.701;Milan Stojanović
09.08.2026;310;310.702;Dušan Pavlović
09.08.2026;310;310.703;Ivan Đorđević
09.08.2026;310;310.704;Luka Kovačević
09.08.2026;310;OFF;Nemanja Savić
09.08.2026;310;OFF;Petar Popović
10.08.2026;310;310.F01;Marko Petrović
10.08.2026;310;310.F02;Nikola Jovanović
10.08.2026;310;310.F03;Stefan Ilić
10.08.2026;310;310.F04;Aleksandar Nikolić
10.08.2026;310;310.F05;Milan Stojanović
10.08.2026;310;310.F06;Dušan Pavlović
10.08.2026;310;310.F07;Ivan Đorđević
10.08.2026;310;310.F08;Luka Kovačević
10.08.2026;310;310.F09;Nemanja Savić
10.08.2026;310;310.F10;Petar Popović
11.08.2026;310;310.F01;Marko Petrović
11.08.2026;310;310.F02;Nikola Jovanović
11.08.2026;310;310.F03;Stefan Ilić
11.08.2026;310;310.F04;Aleksandar Nikolić
11.08.2026;310;310.F05;Milan Stojanović
11.08.2026;310;310.F06;Dušan Pavlović
11.08.2026;310;310.F07;Ivan Đorđević
11.08.2026;310;310.F08;Luka Kovačević
11.08.2026;310;310.F09;Nemanja Savić
11.08.2026;310;310.F10;Petar Popović
12.08.2026;310;310.F01;Marko Petrović
12.08.2026;310;310.F02;Nikola Jovanović
12.08.2026;310;310.F03;Stefan Ilić
12.08.2026;310;310.F04;Aleksandar Nikolić
12.08.2026;310;310.F05;Milan Stojanović
12.08.2026;310;310.F06;Dušan Pavlović
12.08.2026;310;310.F07;Ivan Đorđević
12.08.2026;310;310.F08;Luka Kovačević
12.08.2026;310;310.F09;Nemanja Savić
12.08.2026;310;310.F10;Petar Popović
13.08.2026;310;310.F01;Marko Petrović
13.08.2026;310;310.F02;Nikola Jovanović
13.08.2026;310;310.F03;Stefan Ilić
13.08.2026;310;310.F04;Aleksandar Nikolić
13.08.2026;310;310.F05;Milan Stojanović
13.08.2026;310;310.F06;Dušan Pavlović
13.08.2026;310;310.F07;Ivan Đorđević
13.08.2026;310;310.F08;Luka Kovačević
13.08.2026;310;310.F09;Nemanja Savić
13.08.2026;310;310.F10;Petar Popović
14.08.2026;310;310.F01;Marko Petrović
14.08.2026;310;310.F02;Nikola Jovanović
14.08.2026;310;310.F03;Stefan Ilić
14.08.2026;310;310.F04;Aleksandar Nikolić
14.08.2026;310;310.F05;Milan Stojanović
14.08.2026;310;310.F06;Dušan Pavlović
14.08.2026;310;310.F07;Ivan Đorđević
14.08.2026;310;310.F08;Luka Kovačević
14.08.2026;310;310.F09;Nemanja Savić
14.08.2026;310;310.F10;Petar Popović
15.08.2026;310;OFF;Marko Petrović
15.08.2026;310;OFF;Nikola Jovanović
15.08.2026;310;310.601;Stefan Ilić
15.08.2026;310;310.602;Aleksandar Nikolić
15.08.2026;310;310.603;Milan Stojanović
15.08.2026;310;310.604;Dušan Pavlović
15.08.2026;310;310.605;Ivan Đorđević
15.08.2026;310;310.606;Luka Kovačević
15.08.2026;310;OFF;Nemanja Savić
15.08.2026;310;OFF;Petar Popović
16.08.2026;310;310.703;Marko Petrović
16.08.2026;310;310.704;Nikola Jovanović
16.08.2026;310;OFF;Stefan Ilić
16.08.2026;310;OFF;Aleksandar Nikolić
16.08.2026;310;OFF;Milan Stojanović
16.08.2026;310;OFF;Dušan Pavlović
16.08.2026;310;OFF;Ivan Đorđević
16.08.2026;310;OFF;Luka Kovačević
16.08.2026;310;310.701;Nemanja Savić
16.08.2026;310;310.702;Petar Popović
17.08.2026;310;310.F01;Marko Petrović
17.08.2026;310;310.F02;Nikola Jovanović
17.08.2026;310;310.F03;Stefan Ilić
17.08.2026;310;310.F04;Aleksandar Nikolić
17.08.2026;310;310.F05;Milan Stojanović
17.08.2026;310;310.F06;Dušan Pavlović
17.08.2026;310;310.F07;Ivan Đorđević
17.08.2026;310;310.F08;Luka Kovačević
17.08.2026;310;310.F09;Nemanja Savić
17.08.2026;310;310.F10;Petar Popović
18.08.2026;310;310.F01;Marko Petrović
18.08.2026;310;310.F02;Nikola Jovanović
18.08.2026;310;310.F03;Stefan Ilić
18.08.2026;310;310.F04;Aleksandar Nikolić
18.08.2026;310;310.F05;Milan Stojanović
18.08.2026;310;310.F06;Dušan Pavlović
18.08.2026;310;310.F07;Ivan Đorđević
18.08.2026;310;310.F08;Luka Kovačević
18.08.2026;310;310.F09;Nemanja Savić
18.08.2026;310;310.F10;Petar Popović
19.08.2026;310;310.F01;Marko Petrović
19.08.2026;310;310.F02;Nikola Jovanović
19.08.2026;310;310.F03;Stefan Ilić
19.08.2026;310;310.F04;Aleksandar Nikolić
19.08.2026;310;310.F05;Milan Stojanović
19.08.2026;310;310.F06;Dušan Pavlović
19.08.2026;310;310.F07;Ivan Đorđević
19.08.2026;310;310.F08;Luka Kovačević
19.08.2026;310;310.F09;Nemanja Savić
19.08.2026;310;310.F10;Petar Popović
20.08.2026;310;310.F01;Marko Petrović
20.08.2026;310;310.F02;Nikola Jovanović
20.08.2026;310;310.F03;Stefan Ilić
20.08.2026;310;310.F04;Aleksandar Nikolić
20.08.2026;310;310.F05;Milan Stojanović
20.08.2026;310;310.F06;Dušan Pavlović
20.08.2026;310;310.F07;Ivan Đorđević
20.08.2026;310;310.F08;Luka Kovačević
20.08.2026;310;310.F09;Nemanja Savić
20.08.2026;310;310.F10;Petar Popović
21.08.2026;310;310.F01;Marko Petrović
21.08.2026;310;310.F02;Nikola Jovanović
21.08.2026;310;310.F03;Stefan Ilić
21.08.2026;310;310.F04;Aleksandar Nikolić
21.08.2026;310;310.F05;Milan Stojanović
21.08.2026;310;310.F06;Dušan Pavlović
21.08.2026;310;310.F07;Ivan Đorđević
21.08.2026;310;310.F08;Luka Kovačević
21.08.2026;310;310.F09;Nemanja Savić
21.08.2026;310;310.F10;Petar Popović
22.08.2026;310;310.603;Marko Petrović
22.08.2026;310;310.604;Nikola Jovanović
22.08.2026;310;310.605;Stefan Ilić
22.08.2026;310;310.606;Aleksandar Nikolić
22.08.2026;310;OFF;Milan Stojanović
22.08.2026;310;OFF;Dušan Pavlović
22.08.2026;310;OFF;Ivan Đorđević
22.08.2026;310;OFF;Luka Kovačević
22.08.2026;310;310.601;Nemanja Savić
22.08.2026;310;310.602;Petar Popović
23.08.2026;310;OFF;Marko Petrović
23.08.2026;310;OFF;Nikola Jovanović
23.08.2026;310;310.701;Stefan Ilić
23.08.2026;310;310.702;Aleksandar Nikolić
23.08.2026;310;310.703;Milan Stojanović
23.08.2026;310;310.704;Dušan Pavlović
23.08.2026;310;OFF;Ivan Đorđević
23.08.2026;310;OFF;Luka Kovačević
23.08.2026;310;OFF;Nemanja Savić
23.08.2026;310;OFF;Petar Popović
24.08.2026;310;310.F01;Marko Petrović
24.08.2026;310;310.F02;Nikola Jovanović
24.08.2026;310;310.F03;Stefan Ilić
24.08.2026;310;310.F04;Aleksandar Nikolić
24.08.2026;310;310.F05;Milan Stojanović
24.08.2026;310;310.F06;Dušan Pavlović
24.08.2026;310;310.F07;Ivan Đorđević
24.08.2026;310;310.F08;Luka Kovačević
24.08.2026;310;310.F09;Nemanja Savić
24.08.2026;310;310.F10;Petar Popović
25.08.2026;310;310.F01;Marko Petrović
25.08.2026;310;310.F02;Nikola Jovanović
25.08.2026;310;310.F03;Stefan Ilić
25.08.2026;310;310.F04;Aleksandar Nikolić
25.08.2026;310;310.F05;Milan Stojanović
25.08.2026;310;310.F06;Dušan Pavlović
25.08.2026;310;310.F07;Ivan Đorđević
25.08.2026;310;310.F08;Luka Kovačević
25.08.2026;310;310.F09;Nemanja Savić
25.08.2026;310;310.F10;Petar Popović
26.08.2026;310;310.F01;Marko Petrović
26.08.2026;310;310.F02;Nikola Jovanović
26.08.2026;310;310.F03;Stefan Ilić
26.08.2026;310;310.F04;Aleksandar Nikolić
26.08.2026;310;310.F05;Milan Stojanović
26.08.2026;310;310.F06;Dušan Pavlović
26.08.2026;310;310.F07;Ivan Đorđević
26.08.2026;310;310.F08;Luka Kovačević
26.08.2026;310;310.F09;Nemanja Savić
26.08.2026;310;310.F10;Petar Popović
27.08.2026;310;310.F01;Marko Petrović
27.08.2026;310;310.F02;Nikola Jovanović
27.08.2026;310;310.F03;Stefan Ilić
27.08.2026;310;310.F04;Aleksandar Nikolić
27.08.2026;310;310.F05;Milan Stojanović
27.08.2026;310;310.F06;Dušan Pavlović
27.08.2026;310;310.F07;Ivan Đorđević
27.08.2026;310;310.F08;Luka Kovačević
27.08.2026;310;310.F09;Nemanja Savić
27.08.2026;310;310.F10;Petar Popović
28.08.2026;310;310.F01;Marko Petrović
28.08.2026;310;310.F02;Nikola Jovanović
28.08.2026;310;310.F03;Stefan Ilić
28.08.2026;310;310.F04;Aleksandar Nikolić
28.08.2026;310;310.F05;Milan Stojanović
28.08.2026;310;310.F06;Dušan Pavlović
28.08.2026;310;310.F07;Ivan Đorđević
28.08.2026;310;310.F08;Luka Kovačević
28.08.2026;310;310.F09;Nemanja Savić
28.08.2026;310;310.F10;Petar Popović
29.08.2026;310;OFF;Marko Petrović
29.08.2026;310;OFF;Nikola Jovanović
29.08.2026;310;OFF;Stefan Ilić
29.08.2026;310;OFF;Aleksandar Nikolić
29.08.2026;310;310.601;Milan Stojanović
29.08.2026;310;310.602;Dušan Pavlović
29.08.2026;310;310.603;Ivan Đorđević
29.08.2026;310;310.604;Luka Kovačević
29.08.2026;310;310.605;Nemanja Savić
29.08.2026;310;310.606;Petar Popović
30.08.2026;310;OFF;Marko Petrović
30.08.2026;310;OFF;Nikola Jovanović
30.08.2026;310;OFF;Stefan Ilić
30.08.2026;310;OFF;Aleksandar Nikolić
30.08.2026;310;OFF;Milan Stojanović
30.08.2026;310;OFF;Dušan Pavlović
30.08.2026;310;310.701;Ivan Đorđević
30.08.2026;310;310.702;Luka Kovačević
30.08.2026;310;310.703;Nemanja Savić
30.08.2026;310;310.704;Petar Popović
31.08.2026;310;310.F01;Marko Petrović
31.08.2026;310;310.F02;Nikola Jovanović
31.08.2026;310;310.F03;Stefan Ilić
31.08.2026;310;310.F04;Aleksandar Nikolić
31.08.2026;310;310.F05;Milan Stojanović
31.08.2026;310;310.F06;Dušan Pavlović
31.08.2026;310;310.F07;Ivan Đorđević
31.08.2026;310;310.F08;Luka Kovačević
31.08.2026;310;310.F09;Nemanja Savić
31.08.2026;310;310.F10;Petar Popović
