section,key,value,duty_code,day_type,work_start,first_trip_start,last_trip_end,work_end,start_location,end_location,sequence,activity_type,start,end,line,course,from,to
PLAN,template_version,BUSCOMMAND-DIENSTPLAN-1,,,,,,,,,,,,,,,
PLAN,plan_code,310,,,,,,,,,,,,,,,
PLAN,plan_version,66,,,,,,,,,,,,,,,
PLAN,valid_from,2026-02-09,,,,,,,,,,,,,,,
PLAN,timezone,Europe/Vienna,,,,,,,,,,,,,,,
SMENE,,,310.S01,SCHOOL_WEEKDAY,04:02,04:33,14:00,14:35,Depot,Depot,,,,,,,
AKTIVNOSTI,,,310.S01,,,,,,,,1,ARBEIT,04:02,04:17,,,,
AKTIVNOSTI,,,310.S01,,,,,,,,2,DEPOT,04:17,04:33,,,,
AKTIVNOSTI,,,310.S01,,,,,,,,3,FAHRT,04:33,14:00,310,101,,,
AKTIVNOSTI,,,310.S01,,,,,,,,4,DEPOT,14:00,14:25,,,,
AKTIVNOSTI,,,310.S01,,,,,,,,5,ARBEIT,14:25,14:35,,,,
